epoch,time,train/box_loss,train/cls_loss,train/dfl_loss,metrics/precision(B),metrics/recall(B),metrics/mAP50(B),metrics/mAP50-95(B),val/box_loss,val/cls_loss,val/dfl_loss,lr/pg0,lr/pg1,lr/pg2
1,579.675,0.50883,1.29693,1.21744,0.72467,0.6896,0.76867,0.60042,0.76951,1.16427,1.14438,0.00333114,0.00333114,0.00333114
2,1137.11,0.47724,0.92144,1.17793,0.69297,0.6252,0.73659,0.53776,0.92046,1.34294,1.20523,0.00659849,0.00659849,0.00659849
3,1691.31,0.52866,1.00221,1.21069,0.54999,0.67888,0.66528,0.46676,0.85681,1.30073,1.27693,0.00979985,0.00979985,0.00979985
4,2239.43,0.52969,1.02177,1.21442,0.75318,0.61134,0.733,0.51758,0.92316,1.22547,1.21973,0.009703,0.009703,0.009703
5,2794.02,0.48655,0.94521,1.18708,0.74577,0.61115,0.71872,0.51815,0.98766,1.32737,1.25432,0.009604,0.009604,0.009604
6,3356.91,0.45565,0.87772,1.16577,0.79635,0.70416,0.81568,0.67225,0.67988,0.94387,1.00031,0.009505,0.009505,0.009505
7,3915.52,0.43771,0.83367,1.15452,0.80856,0.7418,0.84436,0.67648,0.77494,1.01417,1.03301,0.009406,0.009406,0.009406
